year,month,summer_like_ratio,winter_like_ratio,summer_like_percent,winter_like_percent
1907,10,0.0,0.0,0.0,0.0
1907,11,0.0,0.4,0.0,40.0
1907,12,0.0,1.0,0.0,100.0
1908,1,0.0,1.0,0.0,100.0
1908,2,0.0,0.9655172413793104,0.0,96.55172413793103
1908,3,0.0,0.7096774193548387,0.0,70.96774193548387
1908,4,0.0,0.0,0.0,0.0
1908,5,0.0,0.0,0.0,0.0
1908,6,0.6666666666666666,0.0,66.66666666666666,0.0
1908,7,1.0,0.0,100.0,0.0
1908,8,0.9354838709677419,0.0,93.54838709677419,0.0
1908,9,0.43333333333333335,0.0,43.333333333333336,0.0
1908,10,0.0,0.0,0.0,0.0
1908,11,0.0,0.6666666666666666,0.0,66.66666666666666
1908,12,0.0,1.0,0.0,100.0
1909,1,0.0,1.0,0.0,100.0
1909,2,0.0,1.0,0.0,100.0
1909,3,0.0,0.8387096774193549,0.0,83.87096774193549
1909,4,0.0,0.1,0.0,10.0
1909,5,0.06451612903225806,0.0,6.451612903225806,0.0
1909,6,0.6333333333333333,0.0,63.33333333333333,0.0
1909,7,0.967741935483871,0.0,96.7741935483871,0.0
1909,8,1.0,0.0,100.0,0.0
1909,9,0.5666666666666667,0.0,56.666666666666664,0.0
1909,10,0.0,0.03225806451612903,0.0,3.225806451612903
1909,11,0.0,0.36666666666666664,0.0,36.666666666666664
1909,12,0.0,0.967741935483871,0.0,96.7741935483871
1910,1,0.0,1.0,0.0,100.0
1910,2,0.0,1.0,0.0,100.0
1910,3,0.0,0.6774193548387096,0.0,67.74193548387096
1910,4,0.0,0.13333333333333333,0.0,13.333333333333334
1910,5,0.06451612903225806,0.0,6.451612903225806,0.0
1910,6,0.4666666666666667,0.0,46.666666666666664,0.0
1910,7,0.9354838709677419,0.0,93.54838709677419,0.0
1910,8,1.0,0.0,100.0,0.0
1910,9,0.3333333333333333,0.0,33.33333333333333,0.0
1910,10,0.0,0.0,0.0,0.0
1910,11,0.0,0.43333333333333335,0.0,43.333333333333336
1910,12,0.0,1.0,0.0,100.0
1911,1,0.0,0.967741935483871,0.0,96.7741935483871
1911,2,0.0,1.0,0.0,100.0
1911,3,0.0,0.5806451612903226,0.0,58.06451612903226
1911,4,0.0,0.0,0.0,0.0
1911,5,0.06451612903225806,0.0,6.451612903225806,0.0
1911,6,0.5666666666666667,0.0,56.666666666666664,0.0
1911,7,1.0,0.0,100.0,0.0
1911,8,1.0,0.0,100.0,0.0
1911,9,0.5666666666666667,0.0,56.666666666666664,0.0
1911,10,0.0,0.0,0.0,0.0
1911,11,0.0,0.4,0.0,40.0
1911,12,0.0,0.967741935483871,0.0,96.7741935483871
1912,1,0.0,1.0,0.0,100.0
1912,2,0.0,0.7931034482758621,0.0,79.3103448275862
1912,3,0.0,0.6451612903225806,0.0,64.51612903225806
1912,4,0.0,0.0,0.0,0.0
1912,5,0.03225806451612903,0.0,3.225806451612903,0.0
1912,6,0.7,0.0,70.0,0.0
1912,7,0.967741935483871,0.0,96.7741935483871,0.0
1912,8,0.967741935483871,0.0,96.7741935483871,0.0
1912,9,0.23333333333333334,0.0,23.333333333333332,0.0
1912,10,0.0,0.03225806451612903,0.0,3.225806451612903
1912,11,0.0,0.7666666666666667,0.0,76.66666666666667
1912,12,0.0,1.0,0.0,100.0
1913,1,0.0,1.0,0.0,100.0
1913,2,0.0,1.0,0.0,100.0
1913,3,0.0,0.7096774193548387,0.0,70.96774193548387
1913,4,0.0,0.0,0.0,0.0
1913,5,0.03225806451612903,0.0,3.225806451612903,0.0
1913,6,0.5666666666666667,0.0,56.666666666666664,0.0
1913,7,0.8709677419354839,0.0,87.09677419354838,0.0
1913,8,1.0,0.0,100.0,0.0
1913,9,0.3,0.0,30.0,0.0
1913,10,0.06451612903225806,0.0,6.451612903225806,0.0
1913,11,0.0,0.5,0.0,50.0
1913,12,0.0,0.967741935483871,0.0,96.7741935483871
1914,1,0.0,1.0,0.0,100.0
1914,2,0.0,0.8928571428571429,0.0,89.28571428571429
1914,3,0.0,0.4838709677419355,0.0,48.38709677419355
1914,4,0.0,0.16666666666666666,0.0,16.666666666666664
1914,5,0.06451612903225806,0.0,6.451612903225806,0.0
1914,6,0.6666666666666666,0.0,66.66666666666666,0.0
1914,7,1.0,0.0,100.0,0.0
1914,8,1.0,0.0,100.0,0.0
1914,9,0.5,0.0,50.0,0.0
1914,10,0.0,0.0,0.0,0.0
1914,11,0.0,0.4,0.0,40.0
1914,12,0.0,0.967741935483871,0.0,96.7741935483871
1915,1,0.0,0.9354838709677419,0.0,93.54838709677419
1915,2,0.0,1.0,0.0,100.0
1915,3,0.0,0.967741935483871,0.0,96.7741935483871
1915,4,0.0,0.06666666666666667,0.0,6.666666666666667
1915,5,0.03225806451612903,0.0,3.225806451612903,0.0
1915,6,0.6333333333333333,0.0,63.33333333333333,0.0
1915,7,1.0,0.0,100.0,0.0
1915,8,1.0,0.0,100.0,0.0
1915,9,0.4,0.0,40.0,0.0
1915,10,0.06451612903225806,0.03225806451612903,6.451612903225806,3.225806451612903
1915,11,0.0,0.36666666666666664,0.0,36.666666666666664
1915,12,0.0,0.8064516129032258,0.0,80.64516129032258
1916,1,0.0,0.8709677419354839,0.0,87.09677419354838
1916,2,0.0,0.9655172413793104,0.0,96.55172413793103
1916,3,0.0,0.967741935483871,0.0,96.7741935483871
1916,4,0.0,0.2,0.0,20.0
1916,5,0.03225806451612903,0.0,3.225806451612903,0.0
1916,6,0.5,0.0,50.0,0.0
1916,7,1.0,0.0,100.0,0.0
1916,8,1.0,0.0,100.0,0.0
1916,9,0.5666666666666667,0.0,56.666666666666664,0.0
1916,10,0.0,0.03225806451612903,0.0,3.225806451612903
1916,11,0.0,0.3333333333333333,0.0,33.33333333333333
1916,12,0.0,0.9354838709677419,0.0,93.54838709677419
1917,1,0.0,1.0,0.0,100.0
1917,2,0.0,0.9642857142857143,0.0,96.42857142857143
1917,3,0.0,0.6451612903225806,0.0,64.51612903225806
1917,4,0.0,0.0,0.0,0.0
1917,5,0.0,0.0,0.0,0.0
1917,6,0.6666666666666666,0.0,66.66666666666666,0.0
1917,7,1.0,0.0,100.0,0.0
1917,8,1.0,0.0,100.0,0.0
1917,9,0.5333333333333333,0.0,53.333333333333336,0.0
1917,10,0.0,0.03225806451612903,0.0,3.225806451612903
1917,11,0.0,0.6666666666666666,0.0,66.66666666666666
1917,12,0.0,0.967741935483871,0.0,96.7741935483871
1918,1,0.0,1.0,0.0,100.0
1918,2,0.0,0.9642857142857143,0.0,96.42857142857143
1918,3,0.0,0.5483870967741935,0.0,54.83870967741935
1918,4,0.0,0.03333333333333333,0.0,3.3333333333333335
1918,5,0.0,0.0,0.0,0.0
1918,6,0.6,0.0,60.0,0.0
1918,7,0.9354838709677419,0.0,93.54838709677419,0.0
1918,8,1.0,0.0,100.0,0.0
1918,9,0.4,0.0,40.0,0.0
1918,10,0.0,0.0,0.0,0.0
1918,11,0.0,0.6333333333333333,0.0,63.33333333333333
1918,12,0.0,1.0,0.0,100.0
1919,1,0.0,0.967741935483871,0.0,96.7741935483871
1919,2,0.0,0.9642857142857143,0.0,96.42857142857143
1919,3,0.0,0.5483870967741935,0.0,54.83870967741935
1919,4,0.0,0.03333333333333333,0.0,3.3333333333333335
1919,5,0.16129032258064516,0.0,16.129032258064516,0.0
1919,6,0.7333333333333333,0.0,73.33333333333333,0.0
1919,7,1.0,0.0,100.0,0.0
1919,8,1.0,0.0,100.0,0.0
1919,9,0.3333333333333333,0.0,33.33333333333333,0.0
1919,10,0.0,0.03225806451612903,0.0,3.225806451612903
1919,11,0.0,0.4,0.0,40.0
1919,12,0.0,1.0,0.0,100.0
1920,1,0.0,1.0,0.0,100.0
1920,2,0.0,0.9655172413793104,0.0,96.55172413793103
1920,3,0.0,0.41935483870967744,0.0,41.935483870967744
1920,4,0.0,0.0,0.0,0.0
1920,5,0.03225806451612903,0.0,3.225806451612903,0.0
1920,6,0.7333333333333333,0.0,73.33333333333333,0.0
1920,7,1.0,0.0,100.0,0.0
1920,8,1.0,0.0,100.0,0.0
1920,9,0.5666666666666667,0.0,56.666666666666664,0.0
1920,10,0.03225806451612903,0.0,3.225806451612903,0.0
1920,11,0.0,0.26666666666666666,0.0,26.666666666666668
1920,12,0.0,0.9032258064516129,0.0,90.32258064516128
1921,1,0.0,1.0,0.0,100.0
1921,2,0.0,1.0,0.0,100.0
1921,3,0.0,0.6451612903225806,0.0,64.51612903225806
1921,4,0.0,0.06666666666666667,0.0,6.666666666666667
1921,5,0.03225806451612903,0.0,3.225806451612903,0.0
1921,6,0.6,0.0,60.0,0.0
1921,7,1.0,0.0,100.0,0.0
1921,8,0.967741935483871,0.0,96.7741935483871,0.0
1921,9,0.6,0.0,60.0,0.0
1921,10,0.0,0.0,0.0,0.0
1921,11,0.0,0.7,0.0,70.0
1921,12,0.0,0.9354838709677419,0.0,93.54838709677419
1922,1,0.0,1.0,0.0,100.0
1922,2,0.0,0.9285714285714286,0.0,92.85714285714286
1922,3,0.0,0.7741935483870968,0.0,77.41935483870968
1922,4,0.0,0.0,0.0,0.0
1922,5,0.16129032258064516,0.0,16.129032258064516,0.0
1922,6,0.7333333333333333,0.0,73.33333333333333,0.0
1922,7,0.9354838709677419,0.0,93.54838709677419,0.0
1922,8,1.0,0.0,100.0,0.0
1922,9,0.5666666666666667,0.0,56.666666666666664,0.0
1922,10,0.0,0.0,0.0,0.0
1922,11,0.0,0.6,0.0,60.0
1922,12,0.0,1.0,0.0,100.0
1923,1,0.0,1.0,0.0,100.0
1923,2,0.0,1.0,0.0,100.0
1923,3,0.0,0.5161290322580645,0.0,51.61290322580645
1923,4,0.0,0.0,0.0,0.0
1923,5,0.06451612903225806,0.0,6.451612903225806,0.0
1923,6,0.7333333333333333,0.0,73.33333333333333,0.0
1923,7,1.0,0.0,100.0,0.0
1923,8,1.0,0.0,100.0,0.0
1923,9,0.4666666666666667,0.0,46.666666666666664,0.0
1923,10,0.0,0.03225806451612903,0.0,3.225806451612903
1923,11,0.0,0.4,0.0,40.0
1923,12,0.0,1.0,0.0,100.0
1924,1,0.0,1.0,0.0,100.0
1924,2,0.0,0.9310344827586207,0.0,93.10344827586206
1924,3,0.0,0.9032258064516129,0.0,90.32258064516128
1924,4,0.0,0.06666666666666667,0.0,6.666666666666667
1924,5,0.0,0.0,0.0,0.0
1924,6,0.6333333333333333,0.0,63.33333333333333,0.0
1924,7,1.0,0.0,100.0,0.0
1924,8,0.967741935483871,0.0,96.7741935483871,0.0
1924,9,0.5666666666666667,0.0,56.666666666666664,0.0
1924,10,0.0,0.03225806451612903,0.0,3.225806451612903
1924,11,0.0,0.6,0.0,60.0
1924,12,0.0,0.967741935483871,0.0,96.7741935483871
1925,1,0.0,1.0,0.0,100.0
1925,2,0.0,1.0,0.0,100.0
1925,3,0.0,0.9032258064516129,0.0,90.32258064516128
1925,4,0.0,0.1,0.0,10.0
1925,5,0.06451612903225806,0.0,6.451612903225806,0.0
1925,6,0.6333333333333333,0.0,63.33333333333333,0.0
1925,7,0.967741935483871,0.0,96.7741935483871,0.0
1925,8,1.0,0.0,100.0,0.0
1925,9,0.5,0.0,50.0,0.0
1925,10,0.0,0.0,0.0,0.0
1925,11,0.0,0.2,0.0,20.0
1925,12,0.0,0.9032258064516129,0.0,90.32258064516128
1926,1,0.0,1.0,0.0,100.0
1926,2,0.0,1.0,0.0,100.0
1926,3,0.0,0.8709677419354839,0.0,87.09677419354838
1926,4,0.0,0.0,0.0,0.0
1926,5,0.0,0.0,0.0,0.0
1926,6,0.6333333333333333,0.0,63.33333333333333,0.0
1926,7,0.9354838709677419,0.0,93.54838709677419,0.0
1926,8,1.0,0.0,100.0,0.0
1926,9,0.5333333333333333,0.0,53.333333333333336,0.0
1926,10,0.0,0.0,0.0,0.0
1926,11,0.0,0.5,0.0,50.0
1926,12,0.0,0.967741935483871,0.0,96.7741935483871
1927,1,0.0,0.967741935483871,0.0,96.7741935483871
1927,2,0.0,1.0,0.0,100.0
1927,3,0.0,0.6451612903225806,0.0,64.51612903225806
1927,4,0.0,0.0,0.0,0.0
1927,5,0.0,0.0,0.0,0.0
1927,6,0.6666666666666666,0.0,66.66666666666666,0.0
1927,7,1.0,0.0,100.0,0.0
1927,8,1.0,0.0,100.0,0.0
1927,9,0.4666666666666667,0.0,46.666666666666664,0.0
1927,10,0.0,0.0,0.0,0.0
1927,11,0.0,0.23333333333333334,0.0,23.333333333333332
1927,12,0.0,0.9354838709677419,0.0,93.54838709677419
1928,1,0.0,1.0,0.0,100.0
1928,2,0.0,0.9655172413793104,0.0,96.55172413793103
1928,3,0.0,0.6774193548387096,0.0,67.74193548387096
1928,4,0.0,0.0,0.0,0.0
1928,5,0.12903225806451613,0.0,12.903225806451612,0.0
1928,6,0.7666666666666667,0.0,76.66666666666667,0.0
1928,7,1.0,0.0,100.0,0.0
1928,8,1.0,0.0,100.0,0.0
1928,9,0.6333333333333333,0.0,63.33333333333333,0.0
1928,10,0.0,0.03225806451612903,0.0,3.225806451612903
1928,11,0.0,0.4666666666666667,0.0,46.666666666666664
1928,12,0.0,0.9354838709677419,0.0,93.54838709677419
1929,1,0.0,1.0,0.0,100.0
1929,2,0.0,0.9285714285714286,0.0,92.85714285714286
1929,3,0.0,0.5806451612903226,0.0,58.06451612903226
1929,4,0.0,0.03333333333333333,0.0,3.3333333333333335
1929,5,0.12903225806451613,0.0,12.903225806451612,0.0
1929,6,1.0,0.0,100.0,0.0
1929,7,1.0,0.0,100.0,0.0
1929,8,1.0,0.0,100.0,0.0
1929,9,0.2,0.0,20.0,0.0
1929,10,0.06451612903225806,0.0,6.451612903225806,0.0
1929,11,0.0,0.5333333333333333,0.0,53.333333333333336
1929,12,0.0,0.7419354838709677,0.0,74.19354838709677
1930,1,0.0,1.0,0.0,100.0
1930,2,0.0,0.9285714285714286,0.0,92.85714285714286
1930,3,0.0,0.41935483870967744,0.0,41.935483870967744
1930,4,0.0,0.0,0.0,0.0
1930,5,0.12903225806451613,0.0,12.903225806451612,0.0
1930,6,0.8,0.0,80.0,0.0
1930,7,1.0,0.0,100.0,0.0
1930,8,1.0,0.0,100.0,0.0
1930,9,0.4,0.0,40.0,0.0
1930,10,0.0,0.0,0.0,0.0
1930,11,0.0,0.7666666666666667,0.0,76.66666666666667
1930,12,0.0,0.9354838709677419,0.0,93.54838709677419
1931,1,0.0,1.0,0.0,100.0
1931,2,0.0,0.9642857142857143,0.0,96.42857142857143
1931,3,0.0,0.5161290322580645,0.0,51.61290322580645
1931,4,0.0,0.1,0.0,10.0
1931,5,0.0,0.0,0.0,0.0
1931,6,0.7333333333333333,0.0,73.33333333333333,0.0
1931,7,0.967741935483871,0.0,96.7741935483871,0.0
1931,8,1.0,0.0,100.0,0.0
1931,9,0.6666666666666666,0.0,66.66666666666666,0.0
1931,10,0.03225806451612903,0.0967741935483871,3.225806451612903,9.67741935483871
1931,11,0.0,0.23333333333333334,0.0,23.333333333333332
1931,12,0.0,0.9032258064516129,0.0,90.32258064516128
1932,1,0.0,0.9354838709677419,0.0,93.54838709677419
1932,2,0.0,1.0,0.0,100.0
1932,3,0.0,0.7741935483870968,0.0,77.41935483870968
1932,4,0.0,0.0,0.0,0.0
1932,5,0.12903225806451613,0.0,12.903225806451612,0.0
1932,6,0.9,0.0,90.0,0.0
1932,7,1.0,0.0,100.0,0.0
1932,8,1.0,0.0,100.0,0.0
1932,9,0.6,0.0,60.0,0.0
1932,10,0.0,0.0,0.0,0.0
1932,11,0.0,0.4,0.0,40.0
1932,12,0.0,0.9032258064516129,0.0,90.32258064516128
1933,1,0.0,1.0,0.0,100.0
1933,2,0.0,1.0,0.0,100.0
1933,3,0.0,0.8064516129032258,0.0,80.64516129032258
1933,4,0.0,0.0,0.0,0.0
1933,5,0.0967741935483871,0.0,9.67741935483871,0.0
1933,6,0.6,0.0,60.0,0.0
1933,7,1.0,0.0,100.0,0.0
1933,8,1.0,0.0,100.0,0.0
1933,9,0.6,0.0,60.0,0.0
1933,10,0.0,0.0,0.0,0.0
1933,11,0.0,0.4,0.0,40.0
1933,12,0.0,0.7741935483870968,0.0,77.41935483870968
1934,1,0.0,1.0,0.0,100.0
1934,2,0.0,1.0,0.0,100.0
1934,3,0.0,0.7096774193548387,0.0,70.96774193548387
1934,4,0.0,0.13333333333333333,0.0,13.333333333333334
1934,5,0.06451612903225806,0.0,6.451612903225806,0.0
1934,6,0.6666666666666666,0.0,66.66666666666666,0.0
1934,7,1.0,0.0,100.0,0.0
1934,8,0.9354838709677419,0.0,93.54838709677419,0.0
1934,9,0.36666666666666664,0.0,36.666666666666664,0.0
1934,10,0.0,0.03225806451612903,0.0,3.225806451612903
1934,11,0.0,0.43333333333333335,0.0,43.333333333333336
1934,12,0.0,1.0,0.0,100.0
1935,1,0.0,1.0,0.0,100.0
1935,2,0.0,0.8571428571428571,0.0,85.71428571428571
1935,3,0.0,0.45161290322580644,0.0,45.16129032258064
1935,4,0.0,0.0,0.0,0.0
1935,5,0.12903225806451613,0.0,12.903225806451612,0.0
1935,6,0.6,0.0,60.0,0.0
1935,7,0.967741935483871,0.0,96.7741935483871,0.0
1935,8,1.0,0.0,100.0,0.0
1935,9,0.4666666666666667,0.0,46.666666666666664,0.0
1935,10,0.0,0.0,0.0,0.0
1935,11,0.0,0.4,0.0,40.0
1935,12,0.0,0.9032258064516129,0.0,90.32258064516128
1936,1,0.0,1.0,0.0,100.0
1936,2,0.0,1.0,0.0,100.0
1936,3,0.0,1.0,0.0,100.0
1936,4,0.0,0.06666666666666667,0.0,6.666666666666667
1936,5,0.0,0.0,0.0,0.0
1936,6,0.6666666666666666,0.0,66.66666666666666,0.0
1936,7,0.9354838709677419,0.0,93.54838709677419,0.0
1936,8,1.0,0.0,100.0,0.0
1936,9,0.43333333333333335,0.0,43.333333333333336,0.0
1936,10,0.0,0.0,0.0,0.0
1936,11,0.0,0.4,0.0,40.0
1936,12,0.0,0.9032258064516129,0.0,90.32258064516128
1937,1,0.0,1.0,0.0,100.0
1937,2,0.0,0.9285714285714286,0.0,92.85714285714286
1937,3,0.0,0.6774193548387096,0.0,67.74193548387096
1937,4,0.0,0.03333333333333333,0.0,3.3333333333333335
1937,5,0.0,0.0,0.0,0.0
1937,6,0.8,0.0,80.0,0.0
1937,7,1.0,0.0,100.0,0.0
1937,8,1.0,0.0,100.0,0.0
1937,9,0.6333333333333333,0.0,63.33333333333333,0.0
1937,10,0.0,0.03225806451612903,0.0,3.225806451612903
1937,11,0.0,0.3333333333333333,0.0,33.33333333333333
1937,12,0.0,1.0,0.0,100.0
1938,1,0.0,1.0,0.0,100.0
1938,2,0.0,0.9642857142857143,0.0,96.42857142857143
1938,3,0.0,0.45161290322580644,0.0,45.16129032258064
1938,4,0.0,0.0,0.0,0.0
1938,5,0.1935483870967742,0.0,19.35483870967742,0.0
1938,6,0.5333333333333333,0.0,53.333333333333336,0.0
1938,7,1.0,0.0,100.0,0.0
1938,8,1.0,0.0,100.0,0.0
1938,9,0.36666666666666664,0.0,36.666666666666664,0.0
1938,10,0.16129032258064516,0.0,16.129032258064516,0.0
1938,11,0.0,0.5666666666666667,0.0,56.666666666666664
1938,12,0.0,0.967741935483871,0.0,96.7741935483871
1939,1,0.0,1.0,0.0,100.0
1939,2,0.0,1.0,0.0,100.0
1939,3,0.0,0.7096774193548387,0.0,70.96774193548387
1939,4,0.0,0.1,0.0,10.0
1939,5,0.03225806451612903,0.0,3.225806451612903,0.0
1939,6,0.7,0.0,70.0,0.0
1939,7,1.0,0.0,100.0,0.0
1939,8,1.0,0.0,100.0,0.0
1939,9,0.6333333333333333,0.0,63.33333333333333,0.0
1939,10,0.06451612903225806,0.03225806451612903,6.451612903225806,3.225806451612903
1939,11,0.0,0.36666666666666664,0.0,36.666666666666664
1939,12,0.0,1.0,0.0,100.0
1940,1,0.0,1.0,0.0,100.0
1940,2,0.0,1.0,0.0,100.0
1940,3,0.0,0.6774193548387096,0.0,67.74193548387096
1940,4,0.0,0.1,0.0,10.0
1940,5,0.06451612903225806,0.0,6.451612903225806,0.0
1940,6,0.5333333333333333,0.0,53.333333333333336,0.0
1940,7,1.0,0.0,100.0,0.0
1940,8,0.967741935483871,0.0,96.7741935483871,0.0
1940,9,0.5333333333333333,0.0,53.333333333333336,0.0
1940,10,0.0,0.0,0.0,0.0
1940,11,0.0,0.4,0.0,40.0
1940,12,0.0,0.967741935483871,0.0,96.7741935483871
1941,1,0.0,1.0,0.0,100.0
1941,2,0.0,1.0,0.0,100.0
1941,3,0.0,0.6129032258064516,0.0,61.29032258064516
1941,4,0.0,0.1,0.0,10.0
1941,5,0.06451612903225806,0.0,6.451612903225806,0.0
1941,6,0.7666666666666667,0.0,76.66666666666667,0.0
1941,7,1.0,0.0,100.0,0.0
1941,8,0.9354838709677419,0.0,93.54838709677419,0.0
1941,9,0.4,0.0,40.0,0.0
1941,10,0.0967741935483871,0.03225806451612903,9.67741935483871,3.225806451612903
1941,11,0.0,0.23333333333333334,0.0,23.333333333333332
1941,12,0.0,0.9032258064516129,0.0,90.32258064516128
1942,1,0.0,1.0,0.0,100.0
1942,2,0.0,1.0,0.0,100.0
1942,3,0.0,0.5161290322580645,0.0,51.61290322580645
1942,4,0.0,0.03333333333333333,0.0,3.3333333333333335
1942,5,0.16129032258064516,0.0,16.129032258064516,0.0
1942,6,0.6666666666666666,0.0,66.66666666666666,0.0
1942,7,1.0,0.0,100.0,0.0
1942,8,1.0,0.0,100.0,0.0
1942,9,0.4666666666666667,0.0,46.666666666666664,0.0
1942,10,0.03225806451612903,0.0967741935483871,3.225806451612903,9.67741935483871
1942,11,0.0,0.6333333333333333,0.0,63.33333333333333
1942,12,0.0,1.0,0.0,100.0
1943,1,0.0,1.0,0.0,100.0
1943,2,0.0,1.0,0.0,100.0
1943,3,0.0,0.45161290322580644,0.0,45.16129032258064
1943,4,0.0,0.1,0.0,10.0
1943,5,0.0,0.0,0.0,0.0
1943,6,0.7333333333333333,0.0,73.33333333333333,0.0
1943,7,1.0,0.0,100.0,0.0
1943,8,1.0,0.0,100.0,0.0
1943,9,0.6666666666666666,0.0,66.66666666666666,0.0
1943,10,0.0,0.0,0.0,0.0
1943,11,0.0,0.5,0.0,50.0
1943,12,0.0,0.9032258064516129,0.0,90.32258064516128
1944,1,0.0,1.0,0.0,100.0
1944,2,0.0,1.0,0.0,100.0
1944,3,0.0,0.8387096774193549,0.0,83.87096774193549
1944,4,0.0,0.1,0.0,10.0
1944,5,0.03225806451612903,0.0,3.225806451612903,0.0
1944,6,0.7333333333333333,0.0,73.33333333333333,0.0
1944,7,0.967741935483871,0.0,96.7741935483871,0.0
1944,8,1.0,0.0,100.0,0.0
1944,9,0.7333333333333333,0.0,73.33333333333333,0.0
1944,10,0.0,0.0,0.0,0.0
1944,11,0.0,0.3,0.0,30.0
1944,12,0.0,1.0,0.0,100.0
1945,1,0.0,1.0,0.0,100.0
1945,2,0.0,0.9642857142857143,0.0,96.42857142857143
1945,3,0.0,0.8064516129032258,0.0,80.64516129032258
1945,4,0.0,0.06666666666666667,0.0,6.666666666666667
1945,5,0.03225806451612903,0.0,3.225806451612903,0.0
1945,6,0.5333333333333333,0.0,53.333333333333336,0.0
1945,7,0.967741935483871,0.0,96.7741935483871,0.0
1945,8,1.0,0.0,100.0,0.0
1945,9,0.7333333333333333,0.0,73.33333333333333,0.0
1945,10,0.0,0.0,0.0,0.0
1945,11,0.0,0.1,0.0,10.0
1945,12,0.0,0.9354838709677419,0.0,93.54838709677419
1946,1,0.0,0.967741935483871,0.0,96.7741935483871
1946,2,0.0,1.0,0.0,100.0
1946,3,0.0,0.7096774193548387,0.0,70.96774193548387
1946,4,0.0,0.0,0.0,0.0
1946,5,0.0967741935483871,0.0,9.67741935483871,0.0
1946,6,0.6666666666666666,0.0,66.66666666666666,0.0
1946,7,1.0,0.0,100.0,0.0
1946,8,1.0,0.0,100.0,0.0
1946,9,0.5333333333333333,0.0,53.333333333333336,0.0
1946,10,0.06451612903225806,0.0,6.451612903225806,0.0
1946,11,0.0,0.16666666666666666,0.0,16.666666666666664
1946,12,0.0,1.0,0.0,100.0
1947,1,0.0,1.0,0.0,100.0
1947,2,0.0,1.0,0.0,100.0
1947,3,0.0,0.8064516129032258,0.0,80.64516129032258
1947,4,0.0,0.06666666666666667,0.0,6.666666666666667
1947,5,0.0,0.0,0.0,0.0
1947,6,0.26666666666666666,0.0,26.666666666666668,0.0
1947,7,0.967741935483871,0.0,96.7741935483871,0.0
1947,8,0.967741935483871,0.0,96.7741935483871,0.0
1947,9,0.4666666666666667,0.0,46.666666666666664,0.0
1947,10,0.0,0.0,0.0,0.0
1947,11,0.0,0.6666666666666666,0.0,66.66666666666666
1947,12,0.0,1.0,0.0,100.0
1948,1,0.0,1.0,0.0,100.0
1948,2,0.0,0.896551724137931,0.0,89.65517241379311
1948,3,0.0,0.41935483870967744,0.0,41.935483870967744
1948,4,0.0,0.0,0.0,0.0
1948,5,0.03225806451612903,0.0,3.225806451612903,0.0
1948,6,0.6333333333333333,0.0,63.33333333333333,0.0
1948,7,1.0,0.0,100.0,0.0
1948,8,1.0,0.0,100.0,0.0
1948,9,0.5,0.0,50.0,0.0
1948,10,0.03225806451612903,0.0,3.225806451612903,0.0
1948,11,0.0,0.4,0.0,40.0
1948,12,0.0,0.6451612903225806,0.0,64.51612903225806
1949,1,0.0,1.0,0.0,100.0
1949,2,0.0,0.75,0.0,75.0
1949,3,0.0,0.6774193548387096,0.0,67.74193548387096
1949,4,0.0,0.06666666666666667,0.0,6.666666666666667
1949,5,0.1935483870967742,0.0,19.35483870967742,0.0
1949,6,0.7,0.0,70.0,0.0
1949,7,0.967741935483871,0.0,96.7741935483871,0.0
1949,8,1.0,0.0,100.0,0.0
1949,9,0.5333333333333333,0.0,53.333333333333336,0.0
1949,10,0.0,0.03225806451612903,0.0,3.225806451612903
1949,11,0.0,0.2,0.0,20.0
1949,12,0.0,0.8709677419354839,0.0,87.09677419354838
1950,1,0.0,0.9032258064516129,0.0,90.32258064516128
1950,2,0.0,1.0,0.0,100.0
1950,3,0.0,0.5483870967741935,0.0,54.83870967741935
1950,4,0.0,0.0,0.0,0.0
1950,5,0.2903225806451613,0.0,29.03225806451613,0.0
1950,6,0.7,0.0,70.0,0.0
1950,7,0.967741935483871,0.0,96.7741935483871,0.0
1950,8,1.0,0.0,100.0,0.0
1953,12,0.0,0.9354838709677419,0.0,93.54838709677419
1954,1,0.0,1.0,0.0,100.0
1954,2,0.0,0.7857142857142857,0.0,78.57142857142857
1954,3,0.0,0.6451612903225806,0.0,64.51612903225806
1954,4,0.0,0.0,0.0,0.0
1954,5,0.0967741935483871,0.0,9.67741935483871,0.0
1954,6,0.5,0.0,50.0,0.0
1954,7,0.8387096774193549,0.0,83.87096774193549,0.0
1954,8,0.967741935483871,0.0,96.7741935483871,0.0
1954,9,0.6333333333333333,0.0,63.33333333333333,0.0
1954,10,0.0,0.0,0.0,0.0
1954,11,0.0,0.1,0.0,10.0
1954,12,0.0,0.9354838709677419,0.0,93.54838709677419
1955,1,0.0,1.0,0.0,100.0
1955,2,0.0,0.8928571428571429,0.0,89.28571428571429
1955,3,0.0,0.5161290322580645,0.0,51.61290322580645
1955,4,0.0,0.03333333333333333,0.0,3.3333333333333335
1955,5,0.0,0.0,0.0,0.0
1955,6,0.7666666666666667,0.0,76.66666666666667,0.0
1955,7,0.9354838709677419,0.0,93.54838709677419,0.0
1955,8,1.0,0.0,100.0,0.0
1955,9,0.6333333333333333,0.0,63.33333333333333,0.0
1955,10,0.03225806451612903,0.0,3.225806451612903,0.0
1955,11,0.0,0.3333333333333333,0.0,33.33333333333333
1955,12,0.0,0.8387096774193549,0.0,83.87096774193549
1956,1,0.0,1.0,0.0,100.0
1956,2,0.0,1.0,0.0,100.0
1956,3,0.0,0.5483870967741935,0.0,54.83870967741935
1956,4,0.0,0.06666666666666667,0.0,6.666666666666667
1956,5,0.0,0.0,0.0,0.0
1956,6,0.4666666666666667,0.0,46.666666666666664,0.0
1956,7,1.0,0.0,100.0,0.0
1956,8,0.967741935483871,0.0,96.7741935483871,0.0
1956,9,0.6333333333333333,0.0,63.33333333333333,0.0
1956,10,0.0,0.0,0.0,0.0
1956,11,0.0,0.6666666666666666,0.0,66.66666666666666
1956,12,0.0,1.0,0.0,100.0
1957,1,0.0,1.0,0.0,100.0
1957,2,0.0,1.0,0.0,100.0
1957,3,0.0,0.9354838709677419,0.0,93.54838709677419
1957,4,0.0,0.16666666666666666,0.0,16.666666666666664
1957,5,0.06451612903225806,0.0,6.451612903225806,0.0
1957,6,0.4666666666666667,0.0,46.666666666666664,0.0
1957,7,0.9354838709677419,0.0,93.54838709677419,0.0
1957,8,0.967741935483871,0.0,96.7741935483871,0.0
1957,9,0.3333333333333333,0.0,33.33333333333333,0.0
1957,10,0.0,0.0,0.0,0.0
1957,11,0.0,0.13333333333333333,0.0,13.333333333333334
1957,12,0.0,0.967741935483871,0.0,96.7741935483871
1958,1,0.0,1.0,0.0,100.0
1958,2,0.0,0.9285714285714286,0.0,92.85714285714286
1958,3,0.0,0.5806451612903226,0.0,58.06451612903226
1958,4,0.0,0.0,0.0,0.0
1958,5,0.1935483870967742,0.0,19.35483870967742,0.0
1958,6,0.7,0.0,70.0,0.0
1958,7,1.0,0.0,100.0,0.0
1958,8,0.967741935483871,0.0,96.7741935483871,0.0
1958,9,0.6,0.0,60.0,0.0
1958,10,0.0,0.06451612903225806,0.0,6.451612903225806
1958,11,0.0,0.4,0.0,40.0
1958,12,0.0,0.7419354838709677,0.0,74.19354838709677
1959,1,0.0,1.0,0.0,100.0
1959,2,0.0,0.8928571428571429,0.0,89.28571428571429
1959,3,0.0,0.3225806451612903,0.0,32.25806451612903
1959,4,0.0,0.0,0.0,0.0
1959,5,0.06451612903225806,0.0,6.451612903225806,0.0
1959,6,0.5666666666666667,0.0,56.666666666666664,0.0
1959,7,1.0,0.0,100.0,0.0
1959,8,1.0,0.0,100.0,0.0
1959,9,0.5666666666666667,0.0,56.666666666666664,0.0
1959,10,0.0,0.0,0.0,0.0
1959,11,0.0,0.5,0.0,50.0
1959,12,0.0,0.6774193548387096,0.0,67.74193548387096
1960,1,0.0,0.967741935483871,0.0,96.7741935483871
1960,2,0.0,0.896551724137931,0.0,89.65517241379311
1960,3,0.0,0.22580645161290322,0.0,22.58064516129032
1960,4,0.0,0.1,0.0,10.0
1960,5,0.12903225806451613,0.0,12.903225806451612,0.0
1960,6,0.7,0.0,70.0,0.0
1960,7,1.0,0.0,100.0,0.0
1960,8,1.0,0.0,100.0,0.0
1960,9,0.6666666666666666,0.0,66.66666666666666,0.0
1960,10,0.0,0.0,0.0,0.0
1960,11,0.0,0.16666666666666666,0.0,16.666666666666664
1960,12,0.0,0.9354838709677419,0.0,93.54838709677419
1961,1,0.0,1.0,0.0,100.0
1961,2,0.0,0.9642857142857143,0.0,96.42857142857143
1961,3,0.0,0.3548387096774194,0.0,35.483870967741936
1961,4,0.0,0.03333333333333333,0.0,3.3333333333333335
1961,5,0.0967741935483871,0.0,9.67741935483871,0.0
1961,6,0.7,0.0,70.0,0.0
1961,7,1.0,0.0,100.0,0.0
1961,8,1.0,0.0,100.0,0.0
1961,9,0.7,0.0,70.0,0.0
1961,10,0.03225806451612903,0.0,3.225806451612903,0.0
1961,11,0.0,0.13333333333333333,0.0,13.333333333333334
1961,12,0.0,0.8709677419354839,0.0,87.09677419354838
1962,1,0.0,1.0,0.0,100.0
1962,2,0.0,0.9642857142857143,0.0,96.42857142857143
1962,3,0.0,0.7741935483870968,0.0,77.41935483870968
1962,4,0.0,0.06666666666666667,0.0,6.666666666666667
1962,5,0.3548387096774194,0.0,35.483870967741936,0.0
1962,6,0.6333333333333333,0.0,63.33333333333333,0.0
1962,7,1.0,0.0,100.0,0.0
1962,8,1.0,0.0,100.0,0.0
1962,9,0.7,0.0,70.0,0.0
1962,10,0.0,0.0,0.0,0.0
1962,11,0.0,0.43333333333333335,0.0,43.333333333333336
1962,12,0.0,0.8387096774193549,0.0,83.87096774193549
1963,1,0.0,1.0,0.0,100.0
1963,2,0.0,1.0,0.0,100.0
1963,3,0.0,0.5161290322580645,0.0,51.61290322580645
1963,4,0.0,0.06666666666666667,0.0,6.666666666666667
1963,5,0.1935483870967742,0.0,19.35483870967742,0.0
1963,6,0.8333333333333334,0.0,83.33333333333334,0.0
1963,7,1.0,0.0,100.0,0.0
1963,8,1.0,0.0,100.0,0.0
1963,9,0.6,0.0,60.0,0.0
1963,10,0.0,0.0,0.0,0.0
1963,11,0.0,0.3333333333333333,0.0,33.33333333333333
1963,12,0.0,0.9032258064516129,0.0,90.32258064516128
1964,1,0.0,0.967741935483871,0.0,96.7741935483871
1964,2,0.0,1.0,0.0,100.0
1964,3,0.0,0.7741935483870968,0.0,77.41935483870968
1964,4,0.0,0.03333333333333333,0.0,3.3333333333333335
1964,5,0.2903225806451613,0.0,29.03225806451613,0.0
1964,6,0.7666666666666667,0.0,76.66666666666667,0.0
1964,7,1.0,0.0,100.0,0.0
1964,8,1.0,0.0,100.0,0.0
1964,9,0.43333333333333335,0.0,43.333333333333336,0.0
1964,10,0.0,0.0,0.0,0.0
1964,11,0.0,0.36666666666666664,0.0,36.666666666666664
1964,12,0.0,0.9032258064516129,0.0,90.32258064516128
1965,1,0.0,1.0,0.0,100.0
1965,2,0.0,0.9642857142857143,0.0,96.42857142857143
1965,3,0.0,0.7096774193548387,0.0,70.96774193548387
1965,4,0.0,0.1,0.0,10.0
1965,5,0.1935483870967742,0.0,19.35483870967742,0.0
1965,6,0.8,0.0,80.0,0.0
1965,7,1.0,0.0,100.0,0.0
1965,8,1.0,0.0,100.0,0.0
1965,9,0.8333333333333334,0.0,83.33333333333334,0.0
1965,10,0.06451612903225806,0.0,6.451612903225806,0.0
1965,11,0.0,0.3333333333333333,0.0,33.33333333333333
1965,12,0.0,0.9032258064516129,0.0,90.32258064516128
1966,1,0.0,1.0,0.0,100.0
1966,2,0.0,0.8571428571428571,0.0,85.71428571428571
1966,3,0.0,0.4838709677419355,0.0,48.38709677419355
1966,4,0.03333333333333333,0.0,3.3333333333333335,0.0
1966,5,0.2903225806451613,0.0,29.03225806451613,0.0
1966,6,0.5666666666666667,0.0,56.666666666666664,0.0
1966,7,0.967741935483871,0.0,96.7741935483871,0.0
1966,8,0.967741935483871,0.0,96.7741935483871,0.0
1966,9,0.4,0.0,40.0,0.0
1966,10,0.03225806451612903,0.03225806451612903,3.225806451612903,3.225806451612903
1966,11,0.0,0.36666666666666664,0.0,36.666666666666664
1966,12,0.0,0.9354838709677419,0.0,93.54838709677419
1967,1,0.0,1.0,0.0,100.0
1967,2,0.0,0.9285714285714286,0.0,92.85714285714286
1967,3,0.0,0.3870967741935484,0.0,38.70967741935484
1967,4,0.0,0.03333333333333333,0.0,3.3333333333333335
1967,5,0.41935483870967744,0.0,41.935483870967744,0.0
1967,6,0.7666666666666667,0.0,76.66666666666667,0.0
1967,7,0.967741935483871,0.0,96.7741935483871,0.0
1967,8,1.0,0.0,100.0,0.0
1967,9,0.5,0.0,50.0,0.0
1967,10,0.0,0.0,0.0,0.0
1967,11,0.0,0.3333333333333333,0.0,33.33333333333333
1967,12,0.0,1.0,0.0,100.0
1968,1,0.0,1.0,0.0,100.0
1968,2,0.0,1.0,0.0,100.0
1968,3,0.0,0.5806451612903226,0.0,58.06451612903226
1968,4,0.0,0.0,0.0,0.0
1968,5,0.06451612903225806,0.0,6.451612903225806,0.0
1968,6,0.6666666666666666,0.0,66.66666666666666,0.0
1968,7,0.967741935483871,0.0,96.7741935483871,0.0
1968,8,1.0,0.0,100.0,0.0
1968,9,0.7,0.0,70.0,0.0
1968,10,0.0,0.0,0.0,0.0
1968,11,0.0,0.3333333333333333,0.0,33.33333333333333
1968,12,0.0,0.6129032258064516,0.0,61.29032258064516
1969,1,0.0,1.0,0.0,100.0
1969,2,0.0,0.9642857142857143,0.0,96.42857142857143
1969,3,0.0,0.6774193548387096,0.0,67.74193548387096
1969,4,0.0,0.06666666666666667,0.0,6.666666666666667
1969,5,0.03225806451612903,0.0,3.225806451612903,0.0
1969,6,0.4666666666666667,0.0,46.666666666666664,0.0
1969,7,0.9354838709677419,0.0,93.54838709677419,0.0
1969,8,1.0,0.0,100.0,0.0
1969,9,0.6666666666666666,0.0,66.66666666666666,0.0
1969,10,0.0,0.0,0.0,0.0
1969,11,0.0,0.6,0.0,60.0
1969,12,0.0,0.967741935483871,0.0,96.7741935483871
1970,1,0.0,1.0,0.0,100.0
1970,2,0.0,0.9285714285714286,0.0,92.85714285714286
1970,3,0.0,0.8387096774193549,0.0,83.87096774193549
1970,4,0.0,0.0,0.0,0.0
1970,5,0.3225806451612903,0.0,32.25806451612903,0.0
1970,6,0.6,0.0,60.0,0.0
1970,7,0.9354838709677419,0.0,93.54838709677419,0.0
1970,8,1.0,0.0,100.0,0.0
1970,9,0.6666666666666666,0.0,66.66666666666666,0.0
1970,10,0.0,0.03225806451612903,0.0,3.225806451612903
1970,11,0.0,0.36666666666666664,0.0,36.666666666666664
1970,12,0.0,0.9354838709677419,0.0,93.54838709677419
1971,1,0.0,0.967741935483871,0.0,96.7741935483871
1971,2,0.0,0.8928571428571429,0.0,89.28571428571429
1971,3,0.0,0.6774193548387096,0.0,67.74193548387096
1971,4,0.0,0.0,0.0,0.0
1971,5,0.06451612903225806,0.0,6.451612903225806,0.0
1971,6,0.8,0.0,80.0,0.0
1971,7,1.0,0.0,100.0,0.0
1971,8,0.967741935483871,0.0,96.7741935483871,0.0
1971,9,0.7333333333333333,0.0,73.33333333333333,0.0
1971,10,0.0,0.0,0.0,0.0
1971,11,0.0,0.1,0.0,10.0
1971,12,0.0,0.9032258064516129,0.0,90.32258064516128
1972,1,0.0,0.8387096774193549,0.0,83.87096774193549
1972,2,0.0,1.0,0.0,100.0
1972,3,0.0,0.45161290322580644,0.0,45.16129032258064
1972,4,0.0,0.06666666666666667,0.0,6.666666666666667
1972,5,0.06451612903225806,0.0,6.451612903225806,0.0
1972,6,0.8666666666666667,0.0,86.66666666666667,0.0
1972,7,1.0,0.0,100.0,0.0
1972,8,0.8064516129032258,0.0,80.64516129032258,0.0
1972,9,0.36666666666666664,0.0,36.666666666666664,0.0
1972,10,0.03225806451612903,0.0,3.225806451612903,0.0
1972,11,0.0,0.43333333333333335,0.0,43.333333333333336
1972,12,0.0,0.8064516129032258,0.0,80.64516129032258
1973,1,0.0,0.9354838709677419,0.0,93.54838709677419
1973,2,0.0,0.8571428571428571,0.0,85.71428571428571
1973,3,0.0,0.6129032258064516,0.0,61.29032258064516
1973,4,0.0,0.0,0.0,0.0
1973,5,0.12903225806451613,0.0,12.903225806451612,0.0
1973,6,0.8333333333333334,0.0,83.33333333333334,0.0
1973,7,1.0,0.0,100.0,0.0
1973,8,1.0,0.0,100.0,0.0
1973,9,0.7333333333333333,0.0,73.33333333333333,0.0
1973,10,0.0,0.0,0.0,0.0
1973,11,0.0,0.5333333333333333,0.0,53.333333333333336
1973,12,0.0,1.0,0.0,100.0
1974,1,0.0,1.0,0.0,100.0
1974,2,0.0,0.9285714285714286,0.0,92.85714285714286
1974,3,0.0,0.5806451612903226,0.0,58.06451612903226
1974,4,0.0,0.03333333333333333,0.0,3.3333333333333335
1974,5,0.12903225806451613,0.0,12.903225806451612,0.0
1974,6,0.4666666666666667,0.0,46.666666666666664,0.0
1974,7,1.0,0.0,100.0,0.0
1974,8,1.0,0.0,100.0,0.0
1974,9,0.6333333333333333,0.0,63.33333333333333,0.0
1974,10,0.0,0.0,0.0,0.0
1974,11,0.0,0.6333333333333333,0.0,63.33333333333333
1974,12,0.0,0.9354838709677419,0.0,93.54838709677419
1975,1,0.0,1.0,0.0,100.0
1975,2,0.0,0.9285714285714286,0.0,92.85714285714286
1975,3,0.0,0.6129032258064516,0.0,61.29032258064516
1975,4,0.03333333333333333,0.03333333333333333,3.3333333333333335,3.3333333333333335
1975,5,0.16129032258064516,0.0,16.129032258064516,0.0
1975,6,0.8333333333333334,0.0,83.33333333333334,0.0
1975,7,1.0,0.0,100.0,0.0
1975,8,1.0,0.0,100.0,0.0
1975,9,0.9333333333333333,0.0,93.33333333333333,0.0
1975,10,0.06451612903225806,0.0,6.451612903225806,0.0
1975,11,0.0,0.16666666666666666,0.0,16.666666666666664
1975,12,0.0,0.8709677419354839,0.0,87.09677419354838
1976,1,0.0,1.0,0.0,100.0
1976,2,0.0,0.8620689655172413,0.0,86.20689655172413
1976,3,0.0,0.5161290322580645,0.0,51.61290322580645
1976,4,0.0,0.03333333333333333,0.0,3.3333333333333335
1976,5,0.25806451612903225,0.0,25.806451612903224,0.0
1976,6,0.7333333333333333,0.0,73.33333333333333,0.0
1976,7,0.8709677419354839,0.0,87.09677419354838,0.0
1976,8,0.9354838709677419,0.0,93.54838709677419,0.0
1976,9,0.4,0.0,40.0,0.0
1976,10,0.0,0.0967741935483871,0.0,9.67741935483871
1976,11,0.0,0.6333333333333333,0.0,63.33333333333333
1976,12,0.0,0.8064516129032258,0.0,80.64516129032258
1977,1,0.0,1.0,0.0,100.0
1977,2,0.0,0.8571428571428571,0.0,85.71428571428571
1977,3,0.0,0.3548387096774194,0.0,35.483870967741936
1977,4,0.0,0.0,0.0,0.0
1977,5,0.22580645161290322,0.0,22.58064516129032,0.0
1977,6,0.8666666666666667,0.0,86.66666666666667,0.0
1977,7,1.0,0.0,100.0,0.0
1977,8,1.0,0.0,100.0,0.0
1977,9,0.7,0.0,70.0,0.0
1977,10,0.16129032258064516,0.0,16.129032258064516,0.0
1977,11,0.0,0.3,0.0,30.0
1977,12,0.0,0.6774193548387096,0.0,67.74193548387096
1978,1,0.0,1.0,0.0,100.0
1978,2,0.0,0.9642857142857143,0.0,96.42857142857143
1978,3,0.0,0.5483870967741935,0.0,54.83870967741935
1978,4,0.0,0.0,0.0,0.0
1978,5,0.3870967741935484,0.0,38.70967741935484,0.0
1978,6,0.8,0.0,80.0,0.0
1978,7,1.0,0.0,100.0,0.0
1978,8,1.0,0.0,100.0,0.0
1978,9,0.7333333333333333,0.0,73.33333333333333,0.0
1978,10,0.12903225806451613,0.0,12.903225806451612,0.0
1978,11,0.0,0.23333333333333334,0.0,23.333333333333332
1978,12,0.0,0.8064516129032258,0.0,80.64516129032258
1979,1,0.0,0.8387096774193549,0.0,83.87096774193549
1979,2,0.0,0.8214285714285714,0.0,82.14285714285714
1979,3,0.0,0.3548387096774194,0.0,35.483870967741936
1979,4,0.0,0.03333333333333333,0.0,3.3333333333333335
1979,5,0.12903225806451613,0.0,12.903225806451612,0.0
1979,6,0.7,0.0,70.0,0.0
1979,7,1.0,0.0,100.0,0.0
1979,8,1.0,0.0,100.0,0.0
1979,9,0.6333333333333333,0.0,63.33333333333333,0.0
1979,10,0.0,0.0,0.0,0.0
1979,11,0.0,0.6,0.0,60.0
1979,12,0.0,0.8064516129032258,0.0,80.64516129032258
1980,1,0.0,0.9354838709677419,0.0,93.54838709677419
1980,2,0.0,0.896551724137931,0.0,89.65517241379311
1980,3,0.0,0.4838709677419355,0.0,48.38709677419355
1980,4,0.0,0.0,0.0,0.0
1980,5,0.12903225806451613,0.0,12.903225806451612,0.0
1980,6,0.8333333333333334,0.0,83.33333333333334,0.0
1980,7,0.9354838709677419,0.0,93.54838709677419,0.0
1980,8,0.9354838709677419,0.0,93.54838709677419,0.0
1980,9,0.4666666666666667,0.0,46.666666666666664,0.0
1980,10,0.0,0.06451612903225806,0.0,6.451612903225806
1980,11,0.0,0.16666666666666666,0.0,16.666666666666664
1980,12,0.0,0.967741935483871,0.0,96.7741935483871
1981,1,0.0,1.0,0.0,100.0
1981,2,0.0,0.9642857142857143,0.0,96.42857142857143
1981,3,0.0,0.4838709677419355,0.0,48.38709677419355
1981,4,0.0,0.0,0.0,0.0
1981,5,0.0967741935483871,0.0,9.67741935483871,0.0
1981,6,0.8,0.0,80.0,0.0
1981,7,1.0,0.0,100.0,0.0
1981,8,0.967741935483871,0.0,96.7741935483871,0.0
1981,9,0.6,0.0,60.0,0.0
1981,10,0.0,0.03225806451612903,0.0,3.225806451612903
1981,11,0.0,0.6333333333333333,0.0,63.33333333333333
1981,12,0.0,0.9032258064516129,0.0,90.32258064516128
1982,1,0.0,1.0,0.0,100.0
1982,2,0.0,0.8214285714285714,0.0,82.14285714285714
1982,3,0.0,0.4838709677419355,0.0,48.38709677419355
1982,4,0.0,0.0,0.0,0.0
1982,5,0.2903225806451613,0.0,29.03225806451613,0.0
1982,6,0.9,0.0,90.0,0.0
1982,7,1.0,0.0,100.0,0.0
1982,8,1.0,0.0,100.0,0.0
1982,9,0.7666666666666667,0.0,76.66666666666667,0.0
1982,10,0.0,0.03225806451612903,0.0,3.225806451612903
1982,11,0.0,0.23333333333333334,0.0,23.333333333333332
1982,12,0.0,0.9354838709677419,0.0,93.54838709677419
1983,1,0.0,1.0,0.0,100.0
1983,2,0.0,1.0,0.0,100.0
1983,3,0.0,0.45161290322580644,0.0,45.16129032258064
1983,4,0.03333333333333333,0.03333333333333333,3.3333333333333335,3.3333333333333335
1983,5,0.4838709677419355,0.0,48.38709677419355,0.0
1983,6,0.9333333333333333,0.0,93.33333333333333,0.0
1983,7,0.967741935483871,0.0,96.7741935483871,0.0
1983,8,0.967741935483871,0.0,96.7741935483871,0.0
1983,9,0.8666666666666667,0.0,86.66666666666667,0.0
1983,10,0.03225806451612903,0.0,3.225806451612903,0.0
1983,11,0.0,0.36666666666666664,0.0,36.666666666666664
1983,12,0.0,0.8387096774193549,0.0,83.87096774193549
1984,1,0.0,1.0,0.0,100.0
1984,2,0.0,1.0,0.0,100.0
1984,3,0.0,0.8387096774193549,0.0,83.87096774193549
1984,4,0.0,0.03333333333333333,0.0,3.3333333333333335
1984,5,0.3225806451612903,0.0,32.25806451612903,0.0
1984,6,0.9,0.0,90.0,0.0
1984,7,1.0,0.0,100.0,0.0
1984,8,1.0,0.0,100.0,0.0
1984,9,0.5,0.0,50.0,0.0
1984,10,0.03225806451612903,0.0,3.225806451612903,0.0
1984,11,0.0,0.26666666666666666,0.0,26.666666666666668
1984,12,0.0,0.8064516129032258,0.0,80.64516129032258
1985,1,0.0,1.0,0.0,100.0
1985,2,0.0,0.9642857142857143,0.0,96.42857142857143
1985,3,0.0,0.5806451612903226,0.0,58.06451612903226
1985,4,0.0,0.03333333333333333,0.0,3.3333333333333335
1985,5,0.2903225806451613,0.0,29.03225806451613,0.0
1985,6,0.8333333333333334,0.0,83.33333333333334,0.0
1985,7,1.0,0.0,100.0,0.0
1985,8,1.0,0.0,100.0,0.0
1985,9,0.43333333333333335,0.0,43.333333333333336,0.0
1985,10,0.03225806451612903,0.0,3.225806451612903,0.0
1985,11,0.0,0.5333333333333333,0.0,53.333333333333336
1985,12,0.0,1.0,0.0,100.0
1986,1,0.0,1.0,0.0,100.0
1986,2,0.0,1.0,0.0,100.0
1986,3,0.0,0.45161290322580644,0.0,45.16129032258064
1986,4,0.0,0.0,0.0,0.0
1986,5,0.16129032258064516,0.0,16.129032258064516,0.0
1986,6,0.8,0.0,80.0,0.0
1986,7,1.0,0.0,100.0,0.0
1986,8,1.0,0.0,100.0,0.0
1986,9,0.5333333333333333,0.0,53.333333333333336,0.0
1986,10,0.0,0.06451612903225806,0.0,6.451612903225806
1986,11,0.0,0.4,0.0,40.0
1986,12,0.0,0.8387096774193549,0.0,83.87096774193549
1987,1,0.0,1.0,0.0,100.0
1987,2,0.0,0.8571428571428571,0.0,85.71428571428571
1987,3,0.0,0.5806451612903226,0.0,58.06451612903226
1987,4,0.0,0.06666666666666667,0.0,6.666666666666667
1987,5,0.0967741935483871,0.0,9.67741935483871,0.0
1987,6,0.8666666666666667,0.0,86.66666666666667,0.0
1987,7,1.0,0.0,100.0,0.0
1987,8,1.0,0.0,100.0,0.0
1987,9,0.5666666666666667,0.0,56.666666666666664,0.0
1987,10,0.06451612903225806,0.0,6.451612903225806,0.0
1987,11,0.0,0.2,0.0,20.0
1987,12,0.0,0.8387096774193549,0.0,83.87096774193549
1988,1,0.0,0.967741935483871,0.0,96.7741935483871
1988,2,0.0,0.9310344827586207,0.0,93.10344827586206
1988,3,0.0,0.5806451612903226,0.0,58.06451612903226
1988,4,0.0,0.0,0.0,0.0
1988,5,0.1935483870967742,0.0,19.35483870967742,0.0
1988,6,0.8333333333333334,0.0,83.33333333333334,0.0
1988,7,1.0,0.0,100.0,0.0
1988,8,1.0,0.0,100.0,0.0
1988,9,0.7,0.0,70.0,0.0
1988,10,0.0,0.0,0.0,0.0
1988,11,0.0,0.43333333333333335,0.0,43.333333333333336
1988,12,0.0,0.8709677419354839,0.0,87.09677419354838
1989,1,0.0,0.8709677419354839,0.0,87.09677419354838
1989,2,0.0,0.75,0.0,75.0
1989,3,0.0,0.2903225806451613,0.0,29.03225806451613
1989,4,0.06666666666666667,0.0,6.666666666666667,0.0
1989,5,0.1935483870967742,0.0,19.35483870967742,0.0
1989,6,0.7,0.0,70.0,0.0
1989,7,1.0,0.0,100.0,0.0
1989,8,1.0,0.0,100.0,0.0
1989,9,0.6333333333333333,0.0,63.33333333333333,0.0
1989,10,0.0,0.0,0.0,0.0
1989,11,0.0,0.26666666666666666,0.0,26.666666666666668
1989,12,0.0,0.8709677419354839,0.0,87.09677419354838
1990,1,0.0,0.967741935483871,0.0,96.7741935483871
1990,2,0.0,0.6428571428571429,0.0,64.28571428571429
1990,3,0.0,0.22580645161290322,0.0,22.58064516129032
1990,4,0.0,0.0,0.0,0.0
1990,5,0.06451612903225806,0.0,6.451612903225806,0.0
1990,6,0.7666666666666667,0.0,76.66666666666667,0.0
1990,7,0.9354838709677419,0.0,93.54838709677419,0.0
1990,8,1.0,0.0,100.0,0.0
1990,9,0.7666666666666667,0.0,76.66666666666667,0.0
1990,10,0.06451612903225806,0.0,6.451612903225806,0.0
1990,11,0.0,0.1,0.0,10.0
1990,12,0.0,0.8064516129032258,0.0,80.64516129032258
1991,1,0.0,1.0,0.0,100.0
1991,2,0.0,1.0,0.0,100.0
1991,3,0.0,0.5483870967741935,0.0,54.83870967741935
1991,4,0.0,0.03333333333333333,0.0,3.3333333333333335
1991,5,0.22580645161290322,0.0,22.58064516129032,0.0
1991,6,0.9666666666666667,0.0,96.66666666666667,0.0
1991,7,1.0,0.0,100.0,0.0
1991,8,1.0,0.0,100.0,0.0
1991,9,0.6333333333333333,0.0,63.33333333333333,0.0
1991,10,0.0,0.0,0.0,0.0
1991,11,0.0,0.3333333333333333,0.0,33.33333333333333
1991,12,0.0,0.7419354838709677,0.0,74.19354838709677
1992,1,0.0,1.0,0.0,100.0
1992,2,0.0,0.8620689655172413,0.0,86.20689655172413
1992,3,0.0,0.16129032258064516,0.0,16.129032258064516
1992,4,0.0,0.0,0.0,0.0
1992,5,0.0967741935483871,0.0,9.67741935483871,0.0
1992,6,0.7333333333333333,0.0,73.33333333333333,0.0
1992,7,1.0,0.0,100.0,0.0
1992,8,1.0,0.0,100.0,0.0
1992,9,0.7333333333333333,0.0,73.33333333333333,0.0
1992,10,0.0,0.0,0.0,0.0
1992,11,0.0,0.3,0.0,30.0
1992,12,0.0,0.8387096774193549,0.0,83.87096774193549
1993,1,0.0,1.0,0.0,100.0
1993,2,0.0,0.9285714285714286,0.0,92.85714285714286
1993,3,0.0,0.3870967741935484,0.0,38.70967741935484
1993,4,0.0,0.13333333333333333,0.0,13.333333333333334
1993,5,0.22580645161290322,0.0,22.58064516129032,0.0
1993,6,0.8,0.0,80.0,0.0
1993,7,0.967741935483871,0.0,96.7741935483871,0.0
1993,8,0.967741935483871,0.0,96.7741935483871,0.0
1993,9,0.7333333333333333,0.0,73.33333333333333,0.0
1993,10,0.0,0.03225806451612903,0.0,3.225806451612903
1993,11,0.0,0.3,0.0,30.0
1993,12,0.0,1.0,0.0,100.0
1994,1,0.0,0.9354838709677419,0.0,93.54838709677419
1994,2,0.0,1.0,0.0,100.0
1994,3,0.0,0.6451612903225806,0.0,64.51612903225806
1994,4,0.06666666666666667,0.0,6.666666666666667,0.0
1994,5,0.25806451612903225,0.0,25.806451612903224,0.0
1994,6,0.9666666666666667,0.0,96.66666666666667,0.0
1994,7,1.0,0.0,100.0,0.0
1994,8,1.0,0.0,100.0,0.0
1994,9,0.6,0.0,60.0,0.0
1994,10,0.0,0.0,0.0,0.0
1994,11,0.0,0.1,0.0,10.0
1994,12,0.0,0.7096774193548387,0.0,70.96774193548387
1995,1,0.0,0.967741935483871,0.0,96.7741935483871
1995,2,0.0,1.0,0.0,100.0
1995,3,0.0,0.3548387096774194,0.0,35.483870967741936
1995,4,0.0,0.03333333333333333,0.0,3.3333333333333335
1995,5,0.12903225806451613,0.0,12.903225806451612,0.0
1995,6,0.8,0.0,80.0,0.0
1995,7,0.967741935483871,0.0,96.7741935483871,0.0
1995,8,1.0,0.0,100.0,0.0
1995,9,0.4666666666666667,0.0,46.666666666666664,0.0
1995,10,0.0,0.0,0.0,0.0
1995,11,0.0,0.4666666666666667,0.0,46.666666666666664
1995,12,0.0,1.0,0.0,100.0
1996,1,0.0,1.0,0.0,100.0
1996,2,0.0,0.896551724137931,0.0,89.65517241379311
1996,3,0.0,0.5483870967741935,0.0,54.83870967741935
1996,4,0.0,0.1,0.0,10.0
1996,5,0.3548387096774194,0.0,35.483870967741936,0.0
1996,6,0.9666666666666667,0.0,96.66666666666667,0.0
1996,7,1.0,0.0,100.0,0.0
1996,8,0.9354838709677419,0.0,93.54838709677419,0.0
1996,9,0.9,0.0,90.0,0.0
1996,10,0.0,0.0,0.0,0.0
1996,11,0.0,0.4,0.0,40.0
1996,12,0.0,0.8709677419354839,0.0,87.09677419354838
1997,1,0.0,1.0,0.0,100.0
1997,2,0.0,0.8214285714285714,0.0,82.14285714285714
1997,3,0.0,0.25806451612903225,0.0,25.806451612903224
1997,4,0.0,0.0,0.0,0.0
1997,5,0.03225806451612903,0.0,3.225806451612903,0.0
1997,6,0.8666666666666667,0.0,86.66666666666667,0.0
1997,7,0.967741935483871,0.0,96.7741935483871,0.0
1997,8,1.0,0.0,100.0,0.0
1997,9,0.4,0.0,40.0,0.0
1997,10,0.0,0.06451612903225806,0.0,6.451612903225806
1997,11,0.0,0.13333333333333333,0.0,13.333333333333334
1997,12,0.0,0.7096774193548387,0.0,70.96774193548387
1998,1,0.0,0.967741935483871,0.0,96.7741935483871
1998,2,0.0,0.6428571428571429,0.0,64.28571428571429
1998,3,0.0,0.1935483870967742,0.0,19.35483870967742
1998,4,0.13333333333333333,0.0,13.333333333333334,0.0
1998,5,0.3548387096774194,0.0,35.483870967741936,0.0
1998,6,0.7,0.0,70.0,0.0
1998,7,1.0,0.0,100.0,0.0
1998,8,1.0,0.0,100.0,0.0
1998,9,0.8666666666666667,0.0,86.66666666666667,0.0
1998,10,0.2903225806451613,0.0,29.03225806451613,0.0
1998,11,0.0,0.36666666666666664,0.0,36.666666666666664
1998,12,0.0,0.8064516129032258,0.0,80.64516129032258
1999,1,0.0,0.9032258064516129,0.0,90.32258064516128
1999,2,0.0,0.8571428571428571,0.0,85.71428571428571
1999,3,0.0,0.3225806451612903,0.0,32.25806451612903
1999,4,0.13333333333333333,0.0,13.333333333333334,0.0
1999,5,0.16129032258064516,0.0,16.129032258064516,0.0
1999,6,0.9,0.0,90.0,0.0
1999,7,1.0,0.0,100.0,0.0
1999,8,1.0,0.0,100.0,0.0
1999,9,0.8666666666666667,0.0,86.66666666666667,0.0
1999,10,0.0,0.0,0.0,0.0
1999,11,0.0,0.16666666666666666,0.0,16.666666666666664
1999,12,0.0,0.8387096774193549,0.0,83.87096774193549
2000,1,0.0,0.967741935483871,0.0,96.7741935483871
2000,2,0.0,1.0,0.0,100.0
2000,3,0.0,0.2903225806451613,0.0,29.03225806451613
2000,4,0.0,0.0,0.0,0.0
2000,5,0.1935483870967742,0.0,19.35483870967742,0.0
2000,6,1.0,0.0,100.0,0.0
2000,7,1.0,0.0,100.0,0.0
2000,8,1.0,0.0,100.0,0.0
2000,9,0.7333333333333333,0.0,73.33333333333333,0.0
2000,10,0.12903225806451613,0.0,12.903225806451612,0.0
2000,11,0.0,0.4,0.0,40.0
2000,12,0.0,0.8064516129032258,0.0,80.64516129032258
2001,1,0.0,1.0,0.0,100.0
2001,2,0.0,0.9285714285714286,0.0,92.85714285714286
2001,3,0.0,0.6129032258064516,0.0,61.29032258064516
2001,4,0.1,0.0,10.0,0.0
2001,5,0.41935483870967744,0.0,41.935483870967744,0.0
2001,6,0.9666666666666667,0.0,96.66666666666667,0.0
2001,7,1.0,0.0,100.0,0.0
2001,8,1.0,0.0,100.0,0.0
2001,9,0.8333333333333334,0.0,83.33333333333334,0.0
2001,10,0.0,0.0,0.0,0.0
2001,11,0.0,0.23333333333333334,0.0,23.333333333333332
2001,12,0.0,0.9354838709677419,0.0,93.54838709677419
2002,1,0.0,0.8387096774193549,0.0,83.87096774193549
2002,2,0.0,0.75,0.0,75.0
2002,3,0.0,0.22580645161290322,0.0,22.58064516129032
2002,4,0.03333333333333333,0.0,3.3333333333333335,0.0
2002,5,0.12903225806451613,0.0,12.903225806451612,0.0
2002,6,0.8333333333333334,0.0,83.33333333333334,0.0
2002,7,1.0,0.0,100.0,0.0
2002,8,1.0,0.0,100.0,0.0
2002,9,0.7,0.0,70.0,0.0
2002,10,0.0,0.0967741935483871,0.0,9.67741935483871
2002,11,0.0,0.7333333333333333,0.0,73.33333333333333
2002,12,0.0,0.7096774193548387,0.0,70.96774193548387
2003,1,0.0,0.967741935483871,0.0,96.7741935483871
2003,2,0.0,0.8928571428571429,0.0,89.28571428571429
2003,3,0.0,0.2903225806451613,0.0,29.03225806451613
2003,4,0.0,0.0,0.0,0.0
2003,5,0.4838709677419355,0.0,48.38709677419355,0.0
2003,6,0.8,0.0,80.0,0.0
2003,7,0.967741935483871,0.0,96.7741935483871,0.0
2003,8,1.0,0.0,100.0,0.0
2003,9,0.7333333333333333,0.0,73.33333333333333,0.0
2003,10,0.03225806451612903,0.0,3.225806451612903,0.0
2003,11,0.0,0.13333333333333333,0.0,13.333333333333334
2003,12,0.0,0.9032258064516129,0.0,90.32258064516128
2004,1,0.0,1.0,0.0,100.0
2004,2,0.0,0.7931034482758621,0.0,79.3103448275862
2004,3,0.0,0.3548387096774194,0.0,35.483870967741936
2004,4,0.0,0.0,0.0,0.0
2004,5,0.12903225806451613,0.0,12.903225806451612,0.0
2004,6,0.9666666666666667,0.0,96.66666666666667,0.0
2004,7,1.0,0.0,100.0,0.0
2004,8,1.0,0.0,100.0,0.0
2004,9,0.8333333333333334,0.0,83.33333333333334,0.0
2004,10,0.06451612903225806,0.0,6.451612903225806,0.0
2004,11,0.0,0.13333333333333333,0.0,13.333333333333334
2004,12,0.0,0.7096774193548387,0.0,70.96774193548387
2005,1,0.0,1.0,0.0,100.0
2005,2,0.0,1.0,0.0,100.0
2005,3,0.0,0.5483870967741935,0.0,54.83870967741935
2005,4,0.03333333333333333,0.0,3.3333333333333335,0.0
2005,5,0.22580645161290322,0.0,22.58064516129032,0.0
2005,6,0.8333333333333334,0.0,83.33333333333334,0.0
2005,7,1.0,0.0,100.0,0.0
2005,8,0.967741935483871,0.0,96.7741935483871,0.0
2005,9,0.9,0.0,90.0,0.0
2005,10,0.03225806451612903,0.0,3.225806451612903,0.0
2005,11,0.0,0.26666666666666666,0.0,26.666666666666668
2005,12,0.0,0.967741935483871,0.0,96.7741935483871
2006,1,0.0,1.0,0.0,100.0
2006,2,0.0,0.9285714285714286,0.0,92.85714285714286
2006,3,0.0,0.3870967741935484,0.0,38.70967741935484
2006,4,0.0,0.0,0.0,0.0
2006,5,0.25806451612903225,0.0,25.806451612903224,0.0
2006,6,0.8333333333333334,0.0,83.33333333333334,0.0
2006,7,0.9032258064516129,0.0,90.32258064516128,0.0
2006,8,1.0,0.0,100.0,0.0
2006,9,0.8,0.0,80.0,0.0
2006,10,0.2903225806451613,0.0,29.03225806451613,0.0
2006,11,0.0,0.16666666666666666,0.0,16.666666666666664
2006,12,0.0,0.8387096774193549,0.0,83.87096774193549
2007,1,0.0,0.967741935483871,0.0,96.7741935483871
2007,2,0.0,0.5714285714285714,0.0,57.14285714285714
2007,3,0.0,0.25806451612903225,0.0,25.806451612903224
2007,4,0.0,0.0,0.0,0.0
2007,5,0.1935483870967742,0.0,19.35483870967742,0.0
2007,6,0.9,0.0,90.0,0.0
2007,7,0.9032258064516129,0.0,90.32258064516128,0.0
2007,8,1.0,0.0,100.0,0.0
2007,9,0.8666666666666667,0.0,86.66666666666667,0.0
2007,10,0.0967741935483871,0.0,9.67741935483871,0.0
2007,11,0.0,0.3,0.0,30.0
2007,12,0.0,0.8387096774193549,0.0,83.87096774193549
2008,1,0.0,1.0,0.0,100.0
2008,2,0.0,0.9655172413793104,0.0,96.55172413793103
2008,3,0.0,0.25806451612903225,0.0,25.806451612903224
2008,4,0.06666666666666667,0.0,6.666666666666667,0.0
2008,5,0.25806451612903225,0.0,25.806451612903224,0.0
2008,6,0.7333333333333333,0.0,73.33333333333333,0.0
2008,7,1.0,0.0,100.0,0.0
2008,8,0.967741935483871,0.0,96.7741935483871,0.0
2008,9,0.7666666666666667,0.0,76.66666666666667,0.0
2008,10,0.06451612903225806,0.0,6.451612903225806,0.0
2008,11,0.0,0.26666666666666666,0.0,26.666666666666668
2008,12,0.0,0.7096774193548387,0.0,70.96774193548387
2009,1,0.0,0.9354838709677419,0.0,93.54838709677419
2009,2,0.0,0.6785714285714286,0.0,67.85714285714286
2009,3,0.0,0.5161290322580645,0.0,51.61290322580645
2009,4,0.0,0.0,0.0,0.0
2009,5,0.3870967741935484,0.0,38.70967741935484,0.0
2009,6,0.8333333333333334,0.0,83.33333333333334,0.0
2009,7,1.0,0.0,100.0,0.0
2009,8,1.0,0.0,100.0,0.0
2009,9,0.9,0.0,90.0,0.0
2009,10,0.03225806451612903,0.0,3.225806451612903,0.0
2009,11,0.0,0.3333333333333333,0.0,33.33333333333333
2009,12,0.0,0.8387096774193549,0.0,83.87096774193549
2010,1,0.0,0.967741935483871,0.0,96.7741935483871
2010,2,0.0,0.75,0.0,75.0
2010,3,0.0,0.5806451612903226,0.0,58.06451612903226
2010,4,0.0,0.13333333333333333,0.0,13.333333333333334
2010,5,0.16129032258064516,0.0,16.129032258064516,0.0
2010,6,0.9333333333333333,0.0,93.33333333333333,0.0
2010,7,1.0,0.0,100.0,0.0
2010,8,1.0,0.0,100.0,0.0
2010,9,0.7,0.0,70.0,0.0
2010,10,0.0,0.03225806451612903,0.0,3.225806451612903
2010,11,0.0,0.3333333333333333,0.0,33.33333333333333
2010,12,0.0,0.9032258064516129,0.0,90.32258064516128
2011,1,0.0,1.0,0.0,100.0
2011,2,0.0,0.7857142857142857,0.0,78.57142857142857
2011,3,0.0,0.6451612903225806,0.0,64.51612903225806
2011,4,0.0,0.0,0.0,0.0
2011,5,0.2903225806451613,0.0,29.03225806451613,0.0
2011,6,0.7,0.0,70.0,0.0
2011,7,1.0,0.0,100.0,0.0
2011,8,1.0,0.0,100.0,0.0
2011,9,0.6666666666666666,0.0,66.66666666666666,0.0
2011,10,0.0,0.0,0.0,0.0
2011,11,0.0,0.2,0.0,20.0
2011,12,0.0,0.9032258064516129,0.0,90.32258064516128
2012,1,0.0,0.9354838709677419,0.0,93.54838709677419
2012,2,0.0,0.9310344827586207,0.0,93.10344827586206
2012,3,0.0,0.5161290322580645,0.0,51.61290322580645
2012,4,0.03333333333333333,0.06666666666666667,3.3333333333333335,6.666666666666667
2012,5,0.4838709677419355,0.0,48.38709677419355,0.0
2012,6,1.0,0.0,100.0,0.0
2012,7,0.967741935483871,0.0,96.7741935483871,0.0
2012,8,1.0,0.0,100.0,0.0
2012,9,0.8,0.0,80.0,0.0
2012,10,0.0,0.0,0.0,0.0
2012,11,0.0,0.5,0.0,50.0
2012,12,0.0,1.0,0.0,100.0
2013,1,0.0,0.9354838709677419,0.0,93.54838709677419
2013,2,0.0,0.9285714285714286,0.0,92.85714285714286
2013,3,0.0,0.4838709677419355,0.0,48.38709677419355
2013,4,0.0,0.03333333333333333,0.0,3.3333333333333335
2013,5,0.2903225806451613,0.0,29.03225806451613,0.0
2013,6,1.0,0.0,100.0,0.0
2013,7,1.0,0.0,100.0,0.0
2013,8,1.0,0.0,100.0,0.0
2013,9,0.8333333333333334,0.0,83.33333333333334,0.0
2013,10,0.22580645161290322,0.0,22.58064516129032,0.0
2013,11,0.0,0.43333333333333335,0.0,43.333333333333336
2013,12,0.0,0.8709677419354839,0.0,87.09677419354838
2014,1,0.0,1.0,0.0,100.0
2014,2,0.0,0.8571428571428571,0.0,85.71428571428571
2014,3,0.0,0.2903225806451613,0.0,29.03225806451613
2014,4,0.0,0.0,0.0,0.0
2014,5,0.4838709677419355,0.0,48.38709677419355,0.0
2014,6,0.9666666666666667,0.0,96.66666666666667,0.0
2014,7,1.0,0.0,100.0,0.0
2014,8,1.0,0.0,100.0,0.0
2014,9,0.9,0.0,90.0,0.0
2014,10,0.03225806451612903,0.0,3.225806451612903,0.0
2014,11,0.0,0.13333333333333333,0.0,13.333333333333334
2014,12,0.0,1.0,0.0,100.0
2015,1,0.0,1.0,0.0,100.0
2015,2,0.0,0.8571428571428571,0.0,85.71428571428571
2015,3,0.0,0.41935483870967744,0.0,41.935483870967744
2015,4,0.06666666666666667,0.0,6.666666666666667,0.0
2015,5,0.3870967741935484,0.0,38.70967741935484,0.0
2015,6,0.9333333333333333,0.0,93.33333333333333,0.0
2015,7,1.0,0.0,100.0,0.0
2015,8,1.0,0.0,100.0,0.0
2015,9,0.9666666666666667,0.0,96.66666666666667,0.0
2015,10,0.03225806451612903,0.0,3.225806451612903,0.0
2015,11,0.0,0.2,0.0,20.0
2015,12,0.0,0.8064516129032258,0.0,80.64516129032258
2016,1,0.0,0.9354838709677419,0.0,93.54838709677419
2016,2,0.0,0.896551724137931,0.0,89.65517241379311
2016,3,0.0,0.2903225806451613,0.0,29.03225806451613
2016,4,0.03333333333333333,0.0,3.3333333333333335,0.0
2016,5,0.45161290322580644,0.0,45.16129032258064,0.0
2016,6,1.0,0.0,100.0,0.0
2016,7,1.0,0.0,100.0,0.0
2016,8,0.967741935483871,0.0,96.7741935483871,0.0
2016,9,0.9666666666666667,0.0,96.66666666666667,0.0
2016,10,0.12903225806451613,0.0,12.903225806451612,0.0
2016,11,0.0,0.4,0.0,40.0
2016,12,0.0,0.8064516129032258,0.0,80.64516129032258
2017,1,0.0,0.9354838709677419,0.0,93.54838709677419
2017,2,0.0,0.9285714285714286,0.0,92.85714285714286
2017,3,0.0,0.25806451612903225,0.0,25.806451612903224
2017,4,0.0,0.0,0.0,0.0
2017,5,0.5161290322580645,0.0,51.61290322580645,0.0
2017,6,0.9333333333333333,0.0,93.33333333333333,0.0
2017,7,1.0,0.0,100.0,0.0
2017,8,0.9354838709677419,0.0,93.54838709677419,0.0
2017,9,0.9,0.0,90.0,0.0
2017,10,0.16129032258064516,0.0,16.129032258064516,0.0
2017,11,0.0,0.5,0.0,50.0
2017,12,0.0,0.967741935483871,0.0,96.7741935483871
2018,1,0.0,1.0,0.0,100.0
2018,2,0.0,1.0,0.0,100.0
2018,3,0.0,0.2903225806451613,0.0,29.03225806451613
2018,4,0.0,0.06666666666666667,0.0,6.666666666666667
2018,5,0.3225806451612903,0.0,32.25806451612903,0.0
2018,6,1.0,0.0,100.0,0.0
2018,7,1.0,0.0,100.0,0.0
2018,8,1.0,0.0,100.0,0.0
2018,9,0.7,0.0,70.0,0.0
2018,10,0.0,0.0,0.0,0.0
2018,11,0.0,0.26666666666666666,0.0,26.666666666666668
2018,12,0.0,0.8064516129032258,0.0,80.64516129032258
2019,1,0.0,1.0,0.0,100.0
2019,2,0.0,0.7857142857142857,0.0,78.57142857142857
2019,3,0.0,0.25806451612903225,0.0,25.806451612903224
2019,4,0.03333333333333333,0.0,3.3333333333333335,0.0
2019,5,0.3548387096774194,0.0,35.483870967741936,0.0
2019,6,0.9333333333333333,0.0,93.33333333333333,0.0
2019,7,1.0,0.0,100.0,0.0
2019,8,1.0,0.0,100.0,0.0
2019,9,0.8333333333333334,0.0,83.33333333333334,0.0
2019,10,0.12903225806451613,0.0,12.903225806451612,0.0
2019,11,0.0,0.3333333333333333,0.0,33.33333333333333
2019,12,0.0,0.8387096774193549,0.0,83.87096774193549
2020,1,0.0,0.8064516129032258,0.0,80.64516129032258
2020,2,0.0,0.6206896551724138,0.0,62.06896551724138
2020,3,0.0,0.3225806451612903,0.0,32.25806451612903
2020,4,0.0,0.0,0.0,0.0
2020,5,0.2903225806451613,0.0,29.03225806451613,0.0
2020,6,0.9333333333333333,0.0,93.33333333333333,0.0
2020,7,0.967741935483871,0.0,96.7741935483871,0.0
2020,8,1.0,0.0,100.0,0.0
2020,9,0.7666666666666667,0.0,76.66666666666667,0.0
2020,10,0.0,0.0,0.0,0.0
2020,11,0.0,0.3,0.0,30.0
2020,12,0.0,0.8709677419354839,0.0,87.09677419354838
2021,1,0.0,0.8387096774193549,0.0,83.87096774193549
2021,2,0.0,0.6071428571428571,0.0,60.71428571428571
2021,3,0.0,0.0967741935483871,0.0,9.67741935483871
2021,4,0.03333333333333333,0.0,3.3333333333333335,0.0
2021,5,0.12903225806451613,0.0,12.903225806451612,0.0
2021,6,0.9333333333333333,0.0,93.33333333333333,0.0
2021,7,1.0,0.0,100.0,0.0
2021,8,1.0,0.0,100.0,0.0
2021,9,0.9666666666666667,0.0,96.66666666666667,0.0
2021,10,0.1935483870967742,0.0,19.35483870967742,0.0
2021,11,0.0,0.26666666666666666,0.0,26.666666666666668
2021,12,0.0,0.6774193548387096,0.0,67.74193548387096
2022,1,0.0,1.0,0.0,100.0
2022,2,0.0,0.9285714285714286,0.0,92.85714285714286
2022,3,0.0,0.1935483870967742,0.0,19.35483870967742
2022,4,0.06666666666666667,0.0,6.666666666666667,0.0
2022,5,0.45161290322580644,0.0,45.16129032258064,0.0
2022,6,0.9333333333333333,0.0,93.33333333333333,0.0
2022,7,1.0,0.0,100.0,0.0
2022,8,0.967741935483871,0.0,96.7741935483871,0.0
2022,9,0.7666666666666667,0.0,76.66666666666667,0.0
2022,10,0.06451612903225806,0.0,6.451612903225806,0.0
2022,11,0.0,0.06666666666666667,0.0,6.666666666666667
2022,12,0.0,1.0,0.0,100.0
2023,1,0.0,0.9032258064516129,0.0,90.32258064516128
2023,2,0.0,0.9285714285714286,0.0,92.85714285714286
2023,3,0.0,0.12903225806451613,0.0,12.903225806451612
2023,4,0.0,0.0,0.0,0.0
2023,5,0.4838709677419355,0.0,48.38709677419355,0.0
2023,6,1.0,0.0,100.0,0.0
2023,7,1.0,0.0,100.0,0.0
2023,8,1.0,0.0,100.0,0.0
2023,9,0.9333333333333333,0.0,93.33333333333333,0.0
2023,10,0.0,0.0,0.0,0.0
2023,11,0.03333333333333333,0.43333333333333335,3.3333333333333335,43.333333333333336
2023,12,0.0,0.6774193548387096,0.0,67.74193548387096
2024,1,0.0,0.967741935483871,0.0,96.7741935483871
2024,2,0.0,0.7586206896551724,0.0,75.86206896551724
2024,3,0.0,0.2903225806451613,0.0,29.03225806451613
2024,4,0.1,0.0,10.0,0.0
2024,5,0.3870967741935484,0.0,38.70967741935484,0.0
2024,6,1.0,0.0,100.0,0.0
2024,7,1.0,0.0,100.0,0.0
2024,8,1.0,0.0,100.0,0.0
2024,9,0.9666666666666667,0.0,96.66666666666667,0.0
2024,10,0.0,0.0,0.0,0.0
2024,11,0.0,0.16666666666666666,0.0,16.666666666666664
2024,12,0.0,0.9032258064516129,0.0,90.32258064516128
2025,1,0.0,0.967741935483871,0.0,96.7741935483871
2025,2,0.0,0.9285714285714286,0.0,92.85714285714286
2025,3,0.0,0.3225806451612903,0.0,32.25806451612903
2025,4,0.03333333333333333,0.03333333333333333,3.3333333333333335,3.3333333333333335
2025,5,0.2903225806451613,0.0,29.03225806451613,0.0
2025,6,1.0,0.0,100.0,0.0
2025,7,1.0,0.0,100.0,0.0
2025,8,1.0,0.0,100.0,0.0
2025,9,0.9,0.0,90.0,0.0
2025,10,0.3225806451612903,0.0,32.25806451612903,0.0
2025,11,0.0,0.13333333333333333,0.0,13.333333333333334
2025,12,0.0,0.9032258064516129,0.0,90.32258064516128
2026,1,0.0,1.0,0.0,100.0
2026,2,0.0,0.6428571428571429,0.0,64.28571428571429
2026,3,0.0,0.22580645161290322,0.0,22.58064516129032
2026,4,0.06666666666666667,0.0,6.666666666666667,0.0
2026,5,0.4838709677419355,0.0,48.38709677419355,0.0
2026,6,1.0,0.0,100.0,0.0
2026,7,1.0,0.0,100.0,0.0
